clade	gene	site	alt
145N-1975	HA1	145	N
145N-1975	HA1	137	Y
144V	HA1	144	V
144V	nuc	54	A
156K	HA1	156	K
156K	nuc	48	T
144I	HA1	144	I
144I	nuc	327	C
186G	HA1	186	G
186G	nuc	93	T
145N	HA1	145	N
145N	nuc	1130	T
145N	nuc	1212	C
193F/225N	HA1	193	F
193F/225N	HA1	225	N
142G/144D	HA1	142	G
142G/144D	HA1	144	D
128A/142G/173E	HA1	6	I
128A/142G/173E	HA1	128	A
128A/142G/173E	HA1	142	G
128A/142G/173E	HA1	173	E
140I	HA1	140	I
173Q	HA1	173	Q
173N	HA1	173	N
158N/189K	HA1	158	N
158N/189K	HA1	189	K
144K	HA1	144	K
144K	HA1	62	K
